20260417T104351Z,sql_inventory_master_20260417T104351Z.sql.gz,256453,sql_inventory_master_20260417T104351Z.sql.gz.sha256
20260418T011856Z,sql_inventory_master_20260418T011856Z.sql.gz,257424,sql_inventory_master_20260418T011856Z.sql.gz.sha256
20260418T034236Z,sql_inventory_master_20260418T034236Z.sql.gz,257445,sql_inventory_master_20260418T034236Z.sql.gz.sha256
20260418T060441Z,sql_inventory_master_20260418T060441Z.sql.gz,265267,sql_inventory_master_20260418T060441Z.sql.gz.sha256
20260418T083945Z,sql_inventory_master_20260418T083945Z.sql.gz,265656,sql_inventory_master_20260418T083945Z.sql.gz.sha256
20260418T094004Z,sql_inventory_master_20260418T094004Z.sql.gz,266111,sql_inventory_master_20260418T094004Z.sql.gz.sha256
20260419T015729Z,sql_inventory_master_20260419T015729Z.sql.gz,267345,sql_inventory_master_20260419T015729Z.sql.gz.sha256
20260420T010444Z,sql_inventory_master_20260420T010444Z.sql.gz,267388,sql_inventory_master_20260420T010444Z.sql.gz.sha256
20260421T012738Z,sql_inventory_master_20260421T012738Z.sql.gz,267565,sql_inventory_master_20260421T012738Z.sql.gz.sha256
20260421T052026Z,sql_inventory_master_20260421T052026Z.sql.gz,267565,sql_inventory_master_20260421T052026Z.sql.gz.sha256
20260421T102111Z,sql_inventory_master_20260421T102111Z.sql.gz,268693,sql_inventory_master_20260421T102111Z.sql.gz.sha256
20260421T172030Z,sql_inventory_master_20260421T172030Z.sql.gz,269039,sql_inventory_master_20260421T172030Z.sql.gz.sha256
20260423T205535Z,sql_inventory_master_20260423T205535Z.sql.gz,269039,sql_inventory_master_20260423T205535Z.sql.gz.sha256
20260425T055527Z,sql_inventory_master_20260425T055527Z.sql.gz,269039,sql_inventory_master_20260425T055527Z.sql.gz.sha256
